{"cameraMode":{"drawMode":0,"name":"Shaded","section":"Shading Mode"},"sceneLighting":false,"audioPlay":false,"sceneViewState":{"showFog":true,"showMaterialUpdate":false,"showSkybox":false,"showFlares":true,"showImageEffects":true,"showParticleSystems":true},"in2DMode":false,"pivot":{"x":-0.753068208694458,"y":2.085707664489746,"z":-0.08981403708457947},"rotation":{"x":-0.1391095072031021,"y":0.6789700388908386,"z":-0.13321079313755036,"w":-0.7085111141204834},"size":1.4042472839355469,"orthographic":false}