{"cameraMode":{"drawMode":0,"name":"Shaded","section":"Shading Mode"},"sceneLighting":false,"audioPlay":false,"sceneViewState":{"showFog":true,"showMaterialUpdate":false,"showSkybox":false,"showFlares":true,"showImageEffects":true,"showParticleSystems":true},"in2DMode":false,"pivot":{"x":0.0,"y":0.5230000019073486,"z":0.7999999523162842},"rotation":{"x":-0.3662755787372589,"y":0.19785182178020478,"z":-0.08013049513101578,"w":-0.9057546854019165},"size":1.413759469985962,"orthographic":false}