{"cameraMode":{"drawMode":0,"name":"Shaded","section":"Shading Mode"},"sceneLighting":false,"audioPlay":false,"sceneViewState":{"showFog":true,"showMaterialUpdate":false,"showSkybox":false,"showFlares":true,"showImageEffects":true,"showParticleSystems":true},"in2DMode":false,"pivot":{"x":-2.109999895095825,"y":0.2800000011920929,"z":0.03999999165534973},"rotation":{"x":-0.37443336844444277,"y":-0.22404879331588746,"z":0.09397389739751816,"w":-0.8949490785598755},"size":1.3418941497802735,"orthographic":false}