{"cameraMode":{"drawMode":0,"name":"Shaded","section":"Shading Mode"},"sceneLighting":false,"audioPlay":false,"sceneViewState":{"showFog":true,"showMaterialUpdate":false,"showSkybox":false,"showFlares":true,"showImageEffects":true,"showParticleSystems":true},"in2DMode":false,"pivot":{"x":-0.7600000500679016,"y":2.083991765975952,"z":-0.08999738097190857},"rotation":{"x":-0.3141493797302246,"y":0.03757206350564957,"z":-0.012471740134060383,"w":-0.9485915899276733},"size":1.2068899869918824,"orthographic":false}