{"cameraMode":{"drawMode":0,"name":"Shaded","section":"Shading Mode"},"sceneLighting":false,"audioPlay":false,"sceneViewState":{"showFog":true,"showMaterialUpdate":false,"showSkybox":false,"showFlares":true,"showImageEffects":true,"showParticleSystems":true},"in2DMode":false,"pivot":{"x":-0.6947143077850342,"y":0.22133581340312959,"z":0.025502115488052369},"rotation":{"x":-0.1515527367591858,"y":0.34268102049827578,"z":-0.05610737204551697,"w":-0.925513505935669},"size":1.5857040882110596,"orthographic":false}